date_time,maxtempC,mintempC,totalSnow_cm,sunHour,uvIndex,moon_illumination,DewPointC,FeelsLikeC,HeatIndexC,WindChillC,WindGustKmph,cloudcover,humidity,precipMM,pressure,tempC,visibility,winddirDegree,windspeedKmph
2019-10-17,31,22,0,8.7,7,72,12,27,27,26,12,14,41,0.2,1013,31,10,230,8
2019-10-18,29,21,0,8.7,7,64,12,25,25,24,13,19,49,2.1,1016,29,10,307,9
2019-10-19,28,20,0,7.2,6,57,9,24,24,23,9,29,42,0.1,1017,28,10,281,6
2019-10-20,29,21,0,7.2,6,50,8,25,25,25,10,16,36,0,1015,29,10,288,7
2019-10-21,31,21,0,8.7,7,43,8,25,25,25,11,2,34,0,1013,31,10,288,8
2019-10-22,30,20,0,8.7,7,35,6,24,24,24,13,18,31,0,1010,30,10,288,8
2019-10-23,30,22,0,7.2,6,28,10,26,26,25,11,32,37,3.8,1011,30,10,297,7
2019-10-24,29,20,0,8.7,7,21,8,25,25,25,11,5,34,0,1012,29,10,293,7
2019-10-25,29,20,0,8.7,7,13,7,24,24,24,11,8,33,0,1013,29,10,266,7
2019-10-26,30,19,0,8.7,7,6,7,24,24,24,11,9,34,0,1014,30,10,282,7
2019-10-27,30,19,0,8.7,7,0,6,24,24,24,12,6,33,0,1013,30,10,292,8
2019-10-28,31,22,0,8.7,7,0,7,25,25,25,11,3,33,0,1013,31,10,284,7
2019-10-29,31,20,0,8.7,7,1,8,25,25,25,11,4,34,0,1014,31,10,275,7
2019-10-30,30,21,0,7.2,6,8,9,25,25,25,9,28,38,2.3,1013,30,10,283,5
2019-10-31,30,20,0,8.7,7,12,10,25,25,24,12,40,41,0.9,1013,30,10,282,8
2019-11-01,26,19,0,8.7,6,24,10,23,23,22,13,31,45,0,1014,26,10,312,8
2019-11-02,27,18,0,8.7,6,31,10,22,22,22,15,15,45,0,1015,27,10,300,10
2019-11-03,28,18,0,8.7,7,39,8,23,23,23,11,6,38,0,1015,28,10,291,8
2019-11-04,28,20,0,8.7,7,46,9,24,24,24,11,2,39,0,1015,28,10,293,8
2019-11-05,27,18,0,7.2,5,54,6,23,23,22,11,43,34,0,1011,27,10,288,7
2019-11-06,23,16,0,4.1,5,61,12,19,19,19,13,78,64,15.1,1010,23,9,260,8
2019-11-07,22,15,0,4.1,4,69,10,17,18,17,15,77,64,15.1,1012,22,9,91,10
2019-11-08,23,15,0,8.7,5,76,9,18,18,18,15,25,56,1.3,1018,23,9,311,11
2019-11-09,26,14,0,8.7,6,84,4,20,20,19,12,4,37,0,1016,26,10,296,7
2019-11-10,26,15,0,8.7,6,91,2,19,19,20,9,5,32,0,1014,26,10,282,6
2019-11-11,25,15,0,8.7,6,99,3,20,20,19,8,17,36,0,1013,25,10,256,4
2019-11-12,25,16,0,8.7,6,100,2,19,19,19,9,46,33,0,1014,25,10,280,5
2019-11-13,24,17,0,8.7,6,86,5,20,20,20,8,43,37,0,1017,24,10,281,5
2019-11-14,24,15,0,4,5,78,8,20,20,19,10,60,45,1.1,1018,24,10,269,6
2019-11-15,23,17,0,5.6,5,71,11,19,20,19,10,70,60,2.4,1019,23,10,155,6
2019-11-16,23,16,0,4,5,63,11,19,19,19,12,75,63,3.8,1019,23,10,268,8
2019-11-17,25,15,0,8.7,6,56,9,19,20,19,17,6,51,0,1018,25,10,314,11
2019-11-18,25,15,0,8.7,6,48,2,19,19,19,14,23,34,0,1014,25,10,308,9
2019-11-19,24,14,0,5.6,5,41,1,18,18,18,10,42,33,0,1014,24,10,286,6
2019-11-20,23,13,0,8.7,6,33,2,18,18,18,7,38,36,0,1015,23,10,266,4
2019-11-21,23,15,0,7.1,5,26,4,19,19,19,14,56,39,0,1019,23,10,331,9
2019-11-22,20,16,0,4,4,18,9,18,18,18,14,75,56,0.7,1020,20,7,7,10
2019-11-23,22,14,0,5.5,4,10,9,17,17,17,13,46,62,0.8,1019,22,10,318,9
2019-11-24,23,14,0,8.7,5,3,7,17,17,17,9,22,50,0,1017,23,10,248,5
2019-11-25,22,14,0,8.7,5,0,7,17,17,17,10,17,50,0,1017,22,10,287,6
2019-11-26,22,14,0,8.7,5,0,5,17,17,17,13,16,45,0,1019,22,10,215,7
2019-11-27,21,14,0,3.9,4,0,7,17,17,17,10,74,52,4,1018,21,10,241,6
2019-11-28,21,12,0,8.7,5,4,7,15,15,15,10,25,57,0.2,1019,21,10,247,6
2019-11-29,20,11,0,8.7,5,12,2,15,15,15,11,19,43,0,1018,20,10,291,6
2019-11-30,21,11,0,8.7,5,20,0,15,15,15,14,9,35,0,1018,21,10,303,8
2019-12-01,22,11,0,8.7,5,26,-4,15,15,15,11,5,28,0,1017,22,10,295,7
2019-12-02,22,12,0,8.7,5,33,-3,16,16,16,13,0,27,0,1018,22,10,301,8
2019-12-03,22,12,0,8.7,5,41,-4,15,15,15,12,15,27,0,1018,22,10,293,7
2019-12-04,25,11,0,8.7,5,48,-3,17,17,17,9,2,26,0,1019,25,10,285,5
2019-12-05,24,13,0,8.7,5,55,-2,17,17,17,9,0,29,0,1021,24,10,281,6
2019-12-06,24,13,0,8.7,5,62,-2,17,17,17,9,0,29,0,1020,24,10,290,6
2019-12-07,24,13,0,8.7,5,70,-4,17,17,17,10,0,25,0,1020,24,10,289,6
2019-12-08,24,11,0,8.7,5,77,-5,15,15,15,9,28,24,0,1019,24,10,280,5
2019-12-09,22,11,0,8.7,5,84,-5,15,15,15,8,24,25,0,1018,22,10,287,5
2019-12-10,21,10,0,5.4,4,92,-5,14,14,14,9,70,25,0,1015,21,10,302,5
2019-12-11,20,11,0,8.7,5,99,4,14,15,14,14,34,50,1.2,1015,20,9,301,9
2019-12-12,17,7,0,7,4,100,5,12,13,12,11,59,58,7.6,1013,17,10,144,9
2019-12-13,14,10,0,5.4,3,87,8,11,11,11,5,70,78,8.9,1013,14,9,162,4
2019-12-14,15,9,0,3.7,3,79,7,11,11,11,14,60,75,13.6,1020,15,9,119,8
2019-12-15,17,9,0,8.7,4,72,4,12,12,12,11,6,59,0,1020,17,10,302,7
2019-12-16,19,10,0,8.7,5,65,0,14,14,14,13,1,37,0,1020,19,10,309,9
2019-12-17,19,10,0,8.7,4,58,-5,12,12,12,14,2,31,0,1022,19,10,308,8
2019-12-18,18,8,0,8.7,4,50,-6,12,12,12,9,33,28,0,1019,18,10,280,5
2019-12-19,19,9,0,7,4,43,-4,12,12,12,9,40,34,0,1017,19,10,276,5
2019-12-20,18,9,0,8.7,4,36,-1,12,12,12,9,13,42,0,1015,18,10,287,5
2019-12-21,19,6,0,8.7,4,28,2,11,12,11,10,5,48,0,1017,19,10,293,7
2019-12-22,20,11,0,8.7,5,21,1,14,14,14,12,0,42,0,1018,20,10,295,8
2019-12-23,18,9,0,7,3,14,-3,12,12,12,9,34,36,0,1016,18,10,287,5
2019-12-24,18,8,0,8.7,4,7,-2,12,13,12,9,11,38,0,1019,18,10,201,6
2019-12-25,19,10,0,8.7,4,0,-4,13,13,13,12,0,31,0,1018,19,10,297,8
2019-12-26,20,9,0,8.7,4,0,-7,12,13,12,9,0,26,0,1017,20,10,284,6
2019-12-27,20,6,0,8.7,4,0,-8,11,12,11,8,4,25,0,1018,20,10,265,5
2019-12-28,20,9,0,8.7,4,8,-5,13,13,13,8,0,29,0,1018,20,10,279,5
2019-12-29,18,6,0,8.7,4,15,-4,10,11,10,9,9,35,0,1019,18,10,274,5
2019-12-30,19,6,0,7,4,22,-4,11,11,11,10,19,37,0,1017,19,10,197,6
2019-12-31,16,6,0,7,4,26,-4,9,9,9,11,31,39,0,1020,16,10,147,6
2020-01-01,17,6,0,7,3,37,-5,10,10,10,9,68,34,0,1022,17,10,230,5
2020-01-02,17,10,0,3.7,3,44,-3,12,12,12,11,81,36,0,1023,17,10,291,6
2020-01-03,17,9,0,3.7,3,51,1,11,12,11,11,79,50,0.7,1018,17,10,283,7
2020-01-04,16,7,0,5.4,3,59,3,10,11,10,12,63,60,0.7,1017,16,10,261,7
2020-01-05,14,6,0,3.8,3,66,-1,9,10,9,13,67,48,0,1019,14,10,270,8
2020-01-06,9,3,0,3.8,2,73,4,7,9,7,8,92,72,6.8,1022,9,8,344,6
2020-01-07,14,7,0,3.8,3,80,6,8,9,8,10,66,82,3.4,1018,14,9,296,8
2020-01-08,13,6,0,3.8,3,88,4,8,9,8,10,54,71,2.7,1015,13,10,301,7
2020-01-09,15,7,0,8.7,4,95,1,10,10,10,11,0,54,0,1019,15,10,300,8
2020-01-10,17,5,0,8.7,4,100,-5,9,10,9,12,23,38,0,1020,17,10,301,8
2020-01-11,16,5,0,7.1,3,100,-6,10,10,10,9,66,33,0,1019,16,10,294,5
2020-01-12,18,10,0,7.1,3,83,3,12,13,12,17,61,52,0.1,1020,18,10,323,11
2020-01-13,9,2,0,3.8,2,76,7,7,9,7,14,95,89,36.5,1010,9,8,92,12
2020-01-14,15,8,0,8.7,4,69,5,9,10,9,15,29,73,13.6,1017,15,9,317,11
2020-01-15,16,7,0,8.7,4,61,3,10,11,10,10,21,58,0,1017,16,10,298,6
2020-01-16,17,8,0,8.7,4,54,1,11,11,11,12,24,49,0.4,1016,17,10,304,7
2020-01-17,17,7,0,8.7,4,47,1,10,11,10,10,14,52,0,1017,17,10,212,5
2020-01-18,16,8,0,7.1,3,40,1,11,11,11,11,23,51,0.6,1019,16,10,297,7
2020-01-19,17,9,0,8.7,4,32,-1,11,11,11,11,16,42,0,1019,17,10,294,7
2020-01-20,16,7,0,8.7,4,25,-2,11,11,11,10,33,41,0,1018,16,10,285,6
2020-01-21,10,7,0,3.8,2,18,4,9,9,9,6,71,70,0.7,1022,10,9,69,5
2020-01-22,15,6,0,8.7,4,11,4,9,10,9,14,8,67,0,1023,15,10,300,10
2020-01-23,17,7,0,8.7,4,3,0,10,11,10,19,2,48,0,1021,17,10,312,12
2020-01-24,17,6,0,8.7,3,0,-4,10,11,10,15,30,35,0,1018,17,10,297,9
2020-01-25,18,9,0,8.7,4,0,1,12,13,12,10,38,47,0,1016,18,10,276,5
2020-01-26,19,8,0,8.7,4,4,4,12,12,12,12,13,57,0,1016,19,10,297,8
2020-01-27,18,8,0,5.5,3,11,3,12,12,12,9,54,52,0,1013,18,10,176,5
2020-01-28,13,8,0,3.9,3,18,6,9,10,9,14,82,75,9.4,1011,13,7,103,11
2020-01-29,14,8,0,3.9,3,26,7,10,11,10,15,85,79,23.9,1017,14,8,121,10
2020-01-30,17,6,0,8.7,4,33,5,10,11,10,11,9,67,0,1018,17,10,286,7
2020-01-31,17,6,0,8.7,4,37,3,11,11,11,7,21,57,0.1,1014,17,10,234,4
2020-02-01,18,7,0,8.7,4,49,3,12,12,12,9,4,56,0,1019,18,10,272,6
2020-02-02,19,9,0,8.7,5,57,1,13,13,13,10,0,44,0,1020,19,10,288,7
2020-02-03,18,7,0,8.7,5,64,0,12,12,12,8,12,43,0,1018,18,10,261,5
2020-02-04,14,8,0,3.9,3,72,2,10,10,10,9,67,56,0.1,1018,14,10,173,5
2020-02-05,18,6,0,8.7,3,79,1,11,11,11,14,19,53,0,1018,18,10,303,8
2020-02-06,17,8,0,8.7,3,87,1,11,11,11,9,30,50,0.1,1014,17,10,226,5
2020-02-07,19,8,0,8.7,5,95,3,13,13,13,11,2,50,0,1019,19,10,290,7
2020-02-08,21,9,0,8.7,5,100,1,15,17,15,8,0,40,0,1022,21,10,199,5
2020-02-09,22,10,0,8.7,5,100,1,16,17,16,9,0,39,0,1022,22,10,257,6
2020-02-10,22,11,0,8.7,5,83,2,16,16,16,9,2,42,0,1019,22,10,286,6
2020-02-11,19,10,0,7.2,4,75,3,14,14,14,15,52,48,0.1,1021,19,10,334,10
2020-02-12,20,13,0,8.7,5,68,7,16,16,16,16,54,56,0,1022,20,10,299,11
2020-02-13,20,13,0,7.2,4,60,9,16,16,16,9,56,63,1.2,1018,20,10,211,6
2020-02-14,21,11,0,8.7,5,53,5,15,17,15,24,1,52,0,1014,21,10,317,15
2020-02-15,23,10,0,8.7,5,45,0,16,17,16,13,23,35,0,1013,23,10,289,8
2020-02-16,24,12,0,8.7,5,38,2,16,17,16,16,27,38,0,1016,24,10,301,10
2020-02-17,24,13,0,8.7,6,30,0,17,18,17,16,8,33,0,1018,24,10,305,10
2020-02-18,25,13,0,8.7,6,22,0,18,18,18,11,4,31,0,1014,25,10,269,7
2020-02-19,22,13,0,7.2,4,15,3,15,16,15,23,50,45,3,1012,22,10,105,14
2020-02-20,20,12,0,5.7,4,7,7,14,15,14,23,56,60,2,1016,20,10,119,15
2020-02-21,24,12,0,8.7,6,0,6,18,20,18,12,4,48,0,1018,24,10,272,8
2020-02-22,23,11,0,8.7,6,0,6,17,18,17,13,20,51,0,1021,23,10,279,8
2020-02-23,24,13,0,8.7,6,0,6,19,19,19,10,5,46,0,1018,24,10,271,6
2020-02-24,24,13,0,8.7,6,0,4,18,18,18,9,5,39,0,1014,24,10,260,6
2020-02-25,25,15,0,11.6,6,8,5,20,20,20,11,2,39,0,1013,25,10,277,7
2020-02-26,25,14,0,11.6,6,15,2,19,19,19,11,6,33,0,1014,25,10,281,7
2020-02-27,26,15,0,11.6,6,23,5,22,22,21,10,24,38,0.1,1015,26,10,220,6
2020-02-28,23,15,0,8.7,5,30,11,19,19,19,11,73,60,4.6,1014,23,10,205,8
2020-02-29,21,14,0,7.3,4,38,11,16,17,16,22,79,71,13.8,1014,21,9,155,15
2020-03-01,25,12,0,11.6,6,44,9,19,19,19,12,27,57,0.4,1015,25,10,292,7
2020-03-02,25,15,0,11.6,6,51,8,20,20,20,10,4,49,0,1013,25,10,256,6
2020-03-03,25,16,0,11.6,6,58,8,22,22,21,11,3,45,0,1011,25,10,279,7
2020-03-04,22,14,0,10.2,4,65,8,18,18,18,12,55,55,2.4,1011,22,10,187,8
2020-03-05,17,13,0,5.9,4,73,10,14,14,14,13,86,74,12.5,1012,17,9,146,10
2020-03-06,14,11,0,5.9,3,80,9,12,12,12,12,81,81,18.7,1011,14,9,51,9
2020-03-07,13,11,0,5.9,3,87,9,10,12,10,20,84,86,13.3,1014,13,9,110,15
2020-03-08,19,11,0,7.3,4,95,9,14,14,14,19,76,71,14,1018,19,9,89,11
2020-03-09,20,10,0,11.6,5,100,5,14,14,14,20,15,54,0,1015,20,10,308,13
2020-03-10,23,11,0,11.6,6,100,5,17,18,17,7,10,47,0,1012,23,10,168,4
2020-03-11,22,12,0,11.6,6,84,7,17,18,17,14,26,54,0,1009,22,10,140,10
2020-03-12,21,13,0,10.2,4,76,9,16,17,16,23,68,65,5.1,1013,21,9,123,17
2020-03-13,19,11,0,7.4,4,69,8,14,15,14,12,63,65,1,1016,19,10,306,9
2020-03-14,21,12,0,10.2,4,62,7,17,19,17,11,40,55,1.2,1015,21,10,246,7
2020-03-15,24,12,0,11.6,6,55,8,18,19,18,10,5,51,0,1017,24,10,273,7
2020-03-16,24,13,0,11.6,6,47,8,19,20,19,9,14,52,0,1017,24,10,278,6
2020-03-17,26,14,0,11.6,6,40,8,20,20,20,11,11,49,0,1016,26,10,287,7
2020-03-18,26,14,0,11.6,6,33,10,21,21,21,10,8,49,0,1014,26,10,286,8
2020-03-19,27,16,0,10.2,5,25,10,23,23,22,11,28,50,0.2,1011,27,10,256,7
2020-03-20,27,16,0,10.2,6,18,11,23,23,22,14,46,56,4.6,1011,27,10,237,9
2020-03-21,24,16,0,8.8,5,11,12,20,21,20,12,66,63,5.8,1013,24,10,169,8
2020-03-22,26,15,0,11.6,6,4,10,21,21,20,13,24,55,1.4,1014,26,10,303,8
2020-03-23,25,16,0,11.6,6,0,10,21,21,21,10,27,50,0.4,1013,25,10,168,7
2020-03-24,22,15,0,6.1,4,0,12,17,18,17,15,79,73,28.5,1014,22,9,71,11
2020-03-25,25,15,0,10.2,5,3,12,21,21,20,11,44,62,0.5,1014,25,10,256,6
2020-03-26,25,17,0,10.2,5,11,12,21,21,20,17,47,58,0.4,1014,25,10,293,11
2020-03-27,15,5,0,6.1,3,18,12,13,14,13,13,89,83,46.1,1013,15,7,30,10
2020-03-28,21,14,0,6.1,4,25,13,17,17,17,14,79,78,19,1016,21,8,177,10
2020-03-29,25,14,0,12.7,6,32,10,20,20,20,11,13,56,0.1,1014,25,10,285,7
2020-03-30,24,16,0,12.7,6,40,10,19,19,19,16,34,55,0,1015,24,10,304,10
2020-03-31,16,10,0,7.9,4,44,11,15,16,15,15,77,76,7.1,1015,16,9,56,11
2020-04-01,25,13,0,8,5,56,13,19,20,19,10,74,70,6.5,1014,25,10,228,7
2020-04-02,24,14,0,12.8,6,64,10,18,19,18,18,20,59,15.1,1013,24,9,307,13
2020-04-03,25,15,0,11.9,5,71,9,20,20,19,12,27,51,0,1013,25,10,299,9
2020-04-04,29,16,0,12.8,7,79,11,24,24,23,10,6,50,0,1012,29,10,281,7
2020-04-05,29,17,0,12.8,7,87,9,23,23,22,14,36,45,0,1013,29,10,92,8
2020-04-06,27,17,0,12.8,5,94,10,23,23,22,16,38,49,0.4,1013,27,10,67,10
2020-04-07,25,16,0,10.6,5,100,11,21,21,20,21,58,58,3.8,1011,25,10,312,14
2020-04-08,28,16,0,12.9,7,100,10,23,23,23,11,15,47,0,1012,28,10,312,7
2020-04-09,29,17,0,12.9,7,83,9,25,25,24,9,14,39,0,1011,29,10,192,5
2020-04-10,29,18,0,12.9,7,76,12,24,24,23,16,23,52,2.2,1014,29,10,304,10
2020-04-11,33,18,0,12.9,8,68,10,28,28,27,12,6,39,0,1015,33,10,290,7
2020-04-12,35,20,0,13,8,61,11,28,28,27,11,12,39,0,1011,35,10,283,7
2020-04-13,32,21,0,13,7,53,13,27,27,27,12,25,43,0.2,1009,32,10,286,7
2020-04-14,32,22,0,13,7,46,14,28,28,26,17,50,50,1.7,1010,32,10,240,12
2020-04-15,32,21,0,12,6,38,15,27,27,26,16,42,53,2.4,1011,32,10,262,10
2020-04-16,30,20,0,13,7,30,11,26,26,25,12,28,42,0,1009,30,10,278,8
2020-04-17,24,17,0,13.1,5,23,12,20,21,20,17,54,59,3.1,1010,24,9,143,12
2020-04-18,25,16,0,8.2,5,15,15,21,21,21,8,80,70,39,1012,25,8,128,5
2020-04-19,29,18,0,13.1,7,8,11,25,25,24,11,16,49,0.1,1011,29,10,241,7
2020-04-20,29,19,0,13.1,7,0,10,25,25,24,11,38,44,1.2,1011,29,10,278,7
2020-04-21,29,18,0,12,6,0,10,24,24,24,10,29,44,0.2,1010,29,10,285,7
2020-04-22,30,20,0,13.2,7,0,11,26,26,25,13,4,41,0,1008,30,10,297,8
2020-04-23,32,21,0,13.2,8,0,11,27,27,27,11,2,38,0,1007,32,10,291,8
2020-04-24,34,23,0,13.2,8,7,11,30,30,30,11,3,35,0,1006,34,10,225,7
2020-04-25,33,22,0,13.2,8,15,11,28,28,28,11,9,36,0,1006,33,10,262,7
2020-04-26,34,23,0,13.2,8,22,10,30,30,29,12,6,35,0,1008,34,10,290,8
2020-04-27,31,22,0,8.3,6,30,14,27,27,26,17,70,47,3.9,1011,31,10,139,11
2020-04-28,29,21,0,10.8,6,37,16,27,27,25,10,42,57,4.4,1012,29,10,250,7
2020-04-29,34,22,0,13.3,8,45,15,29,29,29,8,4,46,0,1009,34,10,147,6
2020-04-30,35,23,0,13.3,8,52,14,30,30,30,12,3,40,0,1008,35,10,266,9
2020-05-01,35,25,0,13.3,7,58,14,30,30,30,17,17,40,0,1007,35,10,252,12
2020-05-02,34,22,0,13.3,7,65,15,29,29,28,12,31,45,1.7,1007,34,10,216,8
2020-05-03,33,22,0,12,7,72,15,28,28,28,13,42,46,5.8,1008,33,10,221,9
2020-05-04,34,24,0,12,7,80,13,29,29,29,9,63,43,4.1,1009,34,10,145,6
2020-05-05,32,22,0,13.4,8,87,14,28,28,27,11,45,45,1.1,1008,32,10,272,9
2020-05-06,32,23,0,13.4,8,94,10,28,28,28,13,3,36,0,1007,32,10,278,10
2020-05-07,33,22,0,13.4,8,100,9,28,28,28,12,6,31,0,1009,33,10,253,9
2020-05-08,38,23,0,13.4,8,100,9,32,32,32,12,11,28,0,1006,38,10,276,8
2020-05-09,37,24,0,13.3,8,84,12,30,30,31,16,27,32,0.7,1007,37,10,279,10
2020-05-10,36,25,0,10.9,7,77,13,30,30,31,14,45,35,5.3,1008,36,10,217,9
2020-05-11,32,25,0,13.3,7,70,12,29,29,29,16,60,37,0.3,1009,32,10,97,11
2020-05-12,37,23,0,13.5,8,62,11,31,31,30,9,7,34,0,1009,37,10,195,6
2020-05-13,34,24,0,11,7,55,14,30,30,29,11,63,40,2.9,1006,34,10,198,8
2020-05-14,26,21,0,9.9,5,48,16,25,25,24,21,67,63,21.9,1008,26,8,72,14
2020-05-15,32,21,0,12.2,7,40,16,28,28,27,10,22,54,7,1009,32,9,287,9
2020-05-16,35,23,0,14,8,33,12,30,30,30,13,6,36,0,1005,35,10,274,9
2020-05-17,37,26,0,14,8,26,9,31,31,32,13,10,27,0.1,1004,37,10,279,9
2020-05-18,34,22,0,14,8,19,10,29,29,29,17,13,33,0.2,1005,34,10,292,12
2020-05-19,34,23,0,14,8,11,8,29,29,29,14,7,28,0,1005,34,10,300,10
2020-05-20,36,24,0,14,8,4,6,29,29,30,16,2,23,0,1003,36,10,297,11
2020-05-21,38,24,0,14,9,0,6,31,31,32,18,21,21,0,1001,38,10,303,12
2020-05-22,40,27,0,14,9,0,7,33,33,34,11,15,19,0.1,1001,40,10,275,7
2020-05-23,40,27,0,13.4,9,3,9,33,33,34,15,52,25,1.2,1004,40,10,302,11
2020-05-24,39,27,0,14.1,9,10,10,33,33,34,14,3,25,0,1005,39,10,295,10
2020-05-25,40,30,0,14.1,9,17,8,35,35,35,18,1,22,0,1002,40,10,299,12
2020-05-26,41,28,0,14.1,9,25,7,35,35,35,18,3,19,0,1001,41,10,301,12
2020-05-27,42,30,0,14.1,9,32,6,37,37,36,16,3,17,0,999,42,10,308,11
2020-05-28,41,27,0,14.1,9,39,7,34,34,34,19,13,20,0,999,41,10,106,12
2020-05-29,36,28,0,13.4,7,47,11,30,30,31,16,24,30,3.7,1003,36,10,111,11
2020-05-30,28,24,0,10.2,6,54,15,27,27,26,19,56,51,16.6,1006,28,8,133,12
2020-05-31,28,23,0,9.1,6,58,17,27,27,26,19,69,57,21.8,1008,28,9,112,11
2020-06-01,34,23,0,13.4,8,71,15,29,29,28,9,30,46,1.6,1008,34,10,203,6
2020-06-02,33,24,0,13.4,7,79,15,29,29,29,8,52,44,3.5,1006,33,10,101,6
2020-06-03,35,25,0,14.5,8,86,13,30,30,31,6,22,36,0.8,1004,35,10,159,5
2020-06-04,36,26,0,14.5,8,94,13,31,31,32,8,13,32,0,1002,36,10,146,6
2020-06-05,35,27,0,12.3,7,100,14,31,31,31,12,34,35,0.2,1001,35,10,213,9
2020-06-06,35,26,0,14.5,8,100,16,31,31,30,18,21,44,0.8,1001,35,10,150,15
2020-06-07,37,27,0,12.3,7,84,16,33,33,32,10,42,41,1.3,1002,37,10,257,8
2020-06-08,40,28,0,14.5,9,76,15,35,35,34,12,8,34,0,1001,40,10,209,9
2020-06-09,40,30,0,13.4,8,69,14,35,35,35,11,22,28,0.2,1001,40,10,234,8
2020-06-10,40,29,0,13.4,8,61,15,35,35,35,14,43,31,3.5,1000,40,10,60,10
2020-06-11,40,30,0,14.5,9,54,14,35,35,35,17,23,29,1.7,1000,40,10,70,11
2020-06-12,45,29,0,14.5,10,46,11,39,39,38,13,5,23,0,999,45,10,205,9
2020-06-13,42,30,0,12.4,8,38,11,36,36,36,14,26,24,0.3,1000,42,10,199,11
2020-06-14,40,29,0,14.5,9,31,9,34,34,35,13,4,21,0,1001,40,10,268,10
2020-06-15,41,31,0,14.5,9,23,6,36,36,37,15,0,16,0,998,41,10,290,11
2020-06-16,41,31,0,14.5,10,16,4,36,36,37,14,0,14,0,996,41,10,297,10
2020-06-17,44,30,0,14.5,10,8,2,37,37,37,15,0,12,0,995,44,10,258,10
2020-06-18,45,30,0,14.5,10,1,0,40,40,39,16,2,10,0,996,45,10,227,10
2020-06-19,44,30,0,14.5,10,0,2,39,39,38,18,12,11,0,997,44,10,117,11
2020-06-20,44,31,0,13.4,8,0,9,38,38,38,16,26,19,1.1,998,44,10,198,10
2020-06-21,42,31,0,14.5,9,0,12,37,37,37,17,6,23,0,997,42,10,217,12
2020-06-22,46,32,0,13.4,9,7,13,40,40,39,12,21,22,0.2,997,46,10,230,9
2020-06-23,45,33,0,14.5,10,14,12,40,40,39,15,4,21,0,999,45,10,173,10
2020-06-24,41,33,0,14.5,9,22,16,38,38,37,24,31,34,4.2,1001,41,10,162,17
2020-06-25,39,28,0,11.3,8,29,18,36,36,34,14,43,40,10.4,999,39,9,211,10
2020-06-26,40,31,0,14.5,9,37,17,37,37,36,13,20,33,0.6,997,40,10,208,10
2020-06-27,41,31,0,14.2,9,44,15,38,38,37,10,16,28,0.1,997,41,10,248,7
2020-06-28,40,31,0,12.3,8,52,15,36,36,36,17,42,30,0.6,997,40,10,145,11
2020-06-29,43,31,0,13.4,8,59,14,37,37,37,7,36,27,0.2,1000,43,10,107,5
2020-06-30,43,32,0,14.2,10,67,13,39,39,38,12,5,25,0,1000,43,10,245,9
2020-07-01,42,32,0,14.2,9,72,16,37,37,37,13,21,30,4.9,999,42,10,246,10
2020-07-02,43,33,0,14.2,10,79,13,39,39,39,10,2,23,0,996,43,10,270,9
2020-07-03,43,33,0,13.4,9,86,9,38,38,39,14,20,17,0.4,995,43,10,272,10
2020-07-04,45,33,0,14.2,10,94,8,40,40,39,19,7,17,0,995,45,10,160,13
2020-07-05,38,31,0,11.1,7,100,15,35,35,35,12,58,31,0.7,997,38,10,155,9
2020-07-06,40,29,0,12.2,8,100,15,35,35,35,11,43,33,3,997,40,10,268,9
2020-07-07,42,32,0,14.2,10,85,12,38,38,38,8,3,22,0,999,42,10,192,6
2020-07-08,42,29,0,14.2,9,77,17,37,37,36,13,24,35,0.2,1001,42,10,202,10
2020-07-09,40,32,0,13.4,8,70,18,38,38,36,14,44,36,3.9,997,40,10,287,11
2020-07-10,40,31,0,12.2,8,63,17,37,37,36,15,43,35,5.8,994,40,10,292,11
2020-07-11,41,32,0,14.1,9,55,16,37,37,36,14,25,32,0.4,994,41,10,201,11
2020-07-12,38,30,0,13.4,8,48,17,35,35,34,15,49,37,1.3,997,38,10,150,12
2020-07-13,41,29,0,14.1,9,41,17,37,37,35,10,15,35,0.4,998,41,10,293,8
2020-07-14,41,32,0,14.1,9,34,16,38,38,37,11,6,29,0,998,41,10,277,9
2020-07-15,41,31,0,14.1,9,26,17,38,38,36,12,41,33,1.6,999,41,10,168,9
2020-07-16,39,31,0,11.1,8,19,20,39,39,35,9,46,40,4.5,999,39,10,202,7
2020-07-17,39,31,0,12.2,8,12,19,38,38,35,9,42,40,3.9,999,39,10,308,7
2020-07-18,41,32,0,14.1,9,5,19,39,39,36,12,14,36,0.1,1000,41,10,295,9
2020-07-19,40,31,0,12.2,8,0,18,38,38,36,16,40,34,1.4,997,40,10,265,12
2020-07-20,39,30,0,12.2,8,0,19,37,37,34,18,64,46,6.9,994,39,10,218,13
2020-07-21,31,27,0,9.9,6,2,20,31,31,28,23,65,61,15.6,1000,31,9,123,15
2020-07-22,35,26,0,12.2,7,10,19,32,32,31,8,44,52,6,1002,35,10,282,6
2020-07-23,38,29,0,14,9,17,17,35,35,34,9,6,38,0,1000,38,10,255,8
2020-07-24,39,30,0,14,9,24,17,36,36,35,12,14,35,0,1003,39,10,282,9
2020-07-25,40,32,0,14,9,32,17,37,37,36,10,17,34,0,1004,40,10,245,8
2020-07-26,39,31,0,12.2,8,39,18,37,37,35,12,36,39,1.1,1003,39,10,229,9
2020-07-27,39,32,0,11,8,46,19,37,37,35,13,52,40,0.4,1001,39,10,249,10
2020-07-28,41,30,0,12.2,8,53,19,38,38,35,20,46,41,1.9,999,41,10,156,14
2020-07-29,41,33,0,11,8,61,20,40,40,37,13,36,38,1.5,998,41,10,232,10
2020-07-30,36,26,0,9.9,7,68,22,35,35,31,22,63,60,14.5,1001,36,9,120,15
2020-07-31,36,28,0,9.8,7,72,22,36,36,32,19,62,58,14.8,1000,36,8,123,12
2020-08-01,35,27,0,9.8,7,82,23,36,36,31,19,62,60,23.7,1000,35,8,108,11
2020-08-02,39,28,0,13.3,9,90,22,38,38,33,9,36,54,6.2,998,39,9,193,7
2020-08-03,38,29,0,8.7,8,97,22,38,38,34,14,81,51,2.9,994,38,10,128,10
2020-08-04,40,29,0,13.3,9,100,20,38,38,35,11,20,44,0.5,992,40,10,236,8
2020-08-05,41,30,0,12.2,8,88,19,38,38,35,14,40,39,3.3,994,41,10,297,9
2020-08-06,41,31,0,13.8,9,81,19,39,39,36,13,7,38,0,999,41,10,264,9
2020-08-07,37,30,0,11,7,74,22,38,38,33,16,54,53,2.6,1001,37,10,168,11
2020-08-08,37,30,0,9.8,7,67,23,38,38,33,10,63,56,0.9,998,37,10,211,8
2020-08-09,37,30,0,9.8,7,59,23,39,39,33,15,63,58,26.2,996,37,7,122,9
2020-08-10,36,28,0,8.3,7,52,23,38,38,33,15,64,58,11.9,998,36,9,125,10
2020-08-11,38,27,0,10.8,8,45,23,38,38,33,15,59,58,16.7,997,38,8,202,9
2020-08-12,38,28,0,10.8,8,38,23,39,39,33,13,57,59,18,996,38,9,206,7
2020-08-13,36,29,0,9.5,7,30,24,38,38,32,17,61,64,9.6,995,36,9,149,13
2020-08-14,35,27,0,8.3,7,23,24,36,36,31,17,63,68,5.8,996,35,9,130,13
2020-08-15,36,27,0,10.8,7,16,23,37,37,32,13,55,63,9.2,996,36,9,138,9
2020-08-16,36,29,0,9.5,7,8,23,38,38,32,13,60,60,7,997,36,9,114,9
2020-08-17,38,30,0,10.8,7,1,23,39,39,33,12,53,57,0.8,996,38,10,156,9
2020-08-18,37,28,0,9.5,7,0,24,38,38,32,17,61,62,18.2,997,37,9,118,10
2020-08-19,36,27,0,8.2,7,0,24,37,37,31,16,79,67,26.5,996,36,8,118,10
2020-08-20,29,23,0,10.7,6,6,23,29,29,26,21,68,80,45.4,1002,29,8,122,13
2020-08-21,31,25,0,9.5,7,13,22,32,32,28,13,71,71,10.5,1005,31,9,141,9
2020-08-22,34,26,0,13.1,8,20,22,34,34,30,8,27,63,3.3,1003,34,10,225,5
2020-08-23,35,28,0,12,7,28,22,35,35,31,11,43,59,2,1001,35,10,167,8
2020-08-24,36,28,0,9.4,7,35,23,36,36,32,11,48,61,0.7,1001,36,10,204,8
2020-08-25,33,28,0,8.2,7,42,24,35,35,30,17,55,69,17.5,1002,33,9,144,11
2020-08-26,33,27,0,13,7,50,23,34,34,30,15,55,69,15.8,1003,33,9,130,10
2020-08-27,26,18,0,8.1,5,57,22,26,26,24,17,65,83,43,1004,26,7,49,10
2020-08-28,32,23,0,9.4,6,64,21,31,31,28,8,57,69,2.1,1002,32,9,129,6
2020-08-29,34,26,0,13,8,71,21,33,33,30,8,16,60,0,1002,34,10,155,5
2020-08-30,36,27,0,12.9,8,79,21,34,34,31,9,8,56,0,1002,36,10,143,6
2020-08-31,28,18,0,9.4,6,82,22,27,27,25,21,66,79,59.3,1005,28,6,262,12
2020-09-01,24,23,0,8.1,5,97,20,25,25,23,18,79,83,15.3,1007,24,9,328,11
2020-09-02,32,23,0,8.1,6,100,22,31,31,27,9,77,72,14,1007,32,9,208,5
2020-09-03,34,26,0,12.9,7,88,22,33,33,30,6,48,64,5.8,1008,34,10,179,4
2020-09-04,31,27,0,11.9,6,81,22,32,32,28,12,39,69,11,1007,31,9,153,7
2020-09-05,34,26,0,12.8,8,73,21,32,32,30,6,13,61,0,1005,34,10,167,4
2020-09-06,34,26,0,12.8,8,66,21,33,33,30,8,14,58,0,1004,34,10,222,6
2020-09-07,34,25,0,12.8,7,58,21,33,33,30,12,32,58,1.2,1005,34,10,283,9
2020-09-08,36,29,0,12.8,8,50,19,35,35,33,9,5,44,0,1006,36,10,253,7
2020-09-09,36,26,0,12.8,8,43,19,33,33,31,11,15,48,0.1,1005,36,10,218,8
2020-09-10,36,27,0,12.7,8,35,18,33,33,31,10,4,46,0,1002,36,10,267,7
2020-09-11,37,26,0,12.7,8,28,18,33,33,31,11,5,46,0,1003,37,10,231,8
2020-09-12,37,27,0,12.7,8,20,18,33,33,32,11,4,45,0,1006,37,10,243,8
2020-09-13,37,27,0,12.7,8,13,17,33,33,32,11,4,43,0,1005,37,10,144,8
2020-09-14,38,27,0,12.6,8,5,17,33,33,32,12,3,42,0,1004,38,10,194,8
2020-09-15,39,28,0,12.6,9,0,17,36,36,34,11,2,40,0,1004,39,10,236,7
2020-09-16,39,29,0,12.6,9,0,16,35,35,33,12,1,37,0,1004,39,10,234,8
2020-09-17,38,27,0,12.6,9,0,15,33,33,32,12,1,36,0,1003,38,10,291,8
2020-09-18,38,27,0,12.6,9,2,15,35,35,33,11,2,35,0,1002,38,10,254,8
2020-09-19,38,29,0,12.5,9,10,14,33,33,33,11,2,32,0,1003,38,10,251,8
2020-09-20,38,26,0,12.5,9,17,11,32,32,32,13,2,29,0,1002,38,10,285,8
2020-09-21,40,26,0,12.5,9,25,11,33,33,33,11,0,28,0,1001,40,10,256,7
2020-09-22,38,26,0,12.5,9,32,11,33,33,32,13,0,28,0,1002,38,10,263,8
2020-09-23,38,26,0,12.5,8,40,11,31,31,31,13,0,29,0,1002,38,10,251,9
2020-09-24,38,25,0,12.4,9,47,11,31,31,31,13,1,28,0,1003,38,10,271,8
2020-09-25,37,26,0,12.4,8,55,11,32,32,32,14,3,29,0,1002,37,10,152,8
2020-09-26,35,24,0,11.6,8,62,10,30,30,30,21,16,31,0,1003,35,10,138,13
2020-09-27,34,23,0,8.8,7,70,10,30,30,29,16,35,33,1.3,1007,34,10,145,10
2020-09-28,36,24,0,11.6,8,78,12,31,31,30,10,2,34,0,1008,36,10,262,7
2020-09-29,36,25,0,8.7,8,85,12,31,31,31,10,1,33,0,1007,36,10,242,7
2020-09-30,35,25,0,8.7,8,93,10,31,31,31,10,5,30,0,1006,35,10,150,6
2020-10-01,34,23,0,8.7,8,97,9,28,28,29,15,2,28,0,1006,34,10,309,10
2020-10-02,36,24,0,8.7,8,100,7,29,29,29,13,0,26,0,1006,36,10,287,8
2020-10-03,36,23,0,8.7,8,89,8,29,29,29,12,0,28,0,1007,36,10,275,8
2020-10-04,36,23,0,8.7,8,82,7,31,31,31,12,0,25,0,1008,36,10,266,7
2020-10-05,35,23,0,8.7,8,74,6,30,30,30,13,0,25,0,1008,35,10,293,8
2020-10-06,37,23,0,8.7,8,67,6,30,30,31,11,0,24,0,1008,37,10,261,6
2020-10-07,37,23,0,8.7,8,60,6,30,30,30,12,0,23,0,1009,37,10,253,7
2020-10-08,36,23,0,8.7,8,53,7,30,30,31,11,0,25,0,1010,36,10,268,7
2020-10-09,36,23,0,8.7,8,45,8,31,31,31,10,0,27,0,1010,36,10,241,6
2020-10-10,36,23,0,8.7,8,38,7,29,29,29,13,0,26,0,1009,36,10,283,8
2020-10-11,36,23,0,8.7,8,31,7,30,30,30,12,0,25,0,1007,36,10,282,8
2020-10-12,37,23,0,8.7,8,23,7,30,30,30,12,0,25,0,1006,37,10,231,8
2020-10-13,34,24,0,8.7,8,16,5,28,28,28,14,1,24,0,1008,34,10,314,10
2020-10-14,33,22,0,8.7,8,9,4,26,26,27,15,0,24,0,1009,33,10,298,10
2020-10-15,34,22,0,8.7,8,2,4,27,27,28,12,0,23,0,1009,34,10,275,8
2020-10-16,35,22,0,8.7,8,0,5,28,28,28,11,0,24,0,1008,35,10,265,7
2020-10-17,35,22,0,8.7,8,0,5,29,29,29,11,0,25,0,1009,35,10,205,7